Account,Found Count,Actual Count,Timestamp
ansheles_artem,4,4,2024-12-06 02:37:48
daddydumpling,2938,2938,2024-12-06 02:37:56
mtzcherry,423,423,2024-12-06 02:38:05
niclawc,2737,2738,2024-12-06 02:38:13
secondhome.artisland,498,500,2024-12-06 03:00:26
outcastsfromthe853,503,503,2024-12-06 03:00:34
jlouofficial,783,783,2024-12-06 03:19:14
kebbeth,488,488,2024-12-06 03:26:50
cantomando,749,749,2024-12-06 12:01:22
chrisgwing,48,48,2024-12-06 03:31:32
funnyvivek,511,511,2024-12-06 03:40:16
megannjacques,754,754,2024-12-06 11:43:42
cantodulin,241,242,2024-12-06 12:31:50
timeouthk,167,167,2024-12-06 12:34:29
852tv,390,390,2024-12-06 11:49:29
garycheung,349,349,2024-12-06 12:26:01
